{"cameraMode":{"drawMode":0,"name":"Shaded","section":"Shading Mode"},"sceneLighting":false,"audioPlay":false,"sceneViewState":{"showFog":false,"showMaterialUpdate":false,"showSkybox":false,"showFlares":false,"showImageEffects":false,"showParticleSystems":false},"in2DMode":false,"pivot":{"x":-18.677398681640626,"y":12.257265090942383,"z":21.64657211303711},"rotation":{"x":-0.26687711477279665,"y":-0.032665740698575976,"z":0.00905117392539978,"w":-0.9631342887878418},"size":22.0,"orthographic":false}