{"cameraMode":{"drawMode":0,"name":"Shaded","section":"Shading Mode"},"sceneLighting":false,"audioPlay":false,"sceneViewState":{"showFog":false,"showMaterialUpdate":false,"showSkybox":true,"showFlares":false,"showImageEffects":false,"showParticleSystems":false},"in2DMode":false,"pivot":{"x":0.0003049299120903015,"y":0.05248655006289482,"z":0.000054195523262023926},"rotation":{"x":-0.177280455827713,"y":0.3959974944591522,"z":-0.07821369171142578,"w":-0.8975747227668762},"size":0.2815662920475006,"orthographic":false}